"Time","AudioBytesReceived","AudioBytesSent","AudioRXBWkbitPersec","AudioTXBWkbitPersec","AudioTXBWLimitkbitPersec","BytesReceived","BytesSent","PacketsReceived","PacketsSent","PercentProcessorTime","RXPacketsLost","SessionDurationSeconds","TXPacketsLost","ImagingActiveMinimumQuality","ImagingBytesReceived","ImagingBytesSent","ImagingDecoderCapabilitykbitPersec","ImagingEncodedFramesPersec","ImagingRXBWkbitPersec","ImagingTXBWkbitPersec","RoundTripLatencyms","RXBWkbitPersec","RXBWPeakkbitPersec","RXPacketLossPercent","TXBWActiveLimitkbitPersec","TXBWkbitPersec","TXBWLimitkbitPersec","TXPacketLossPercent"
2/13/2019 11:59:23 AM,0,6576,0,0,500,8457808,52427612,91544,89610,,0,2028,18265,80,3807336,51418588,600000,9,0,0,2,0,41,,84592,0,900000,
2/13/2019 11:59:25 AM,0,6576,0,0,500,8461858,52438250,91591,89651,,0,2030,18265,80,3810450,51421782,600000,0,12.1519239363445,12.1519239363445,2,10.2076161065294,18,0,84592,2.91646174472269,900000,0
2/13/2019 11:59:27 AM,0,6576,0,0,500,8465020,52465198,91626,89697,,0,2032,18265,80,3813612,51448730,600000,0,12.4365476972696,109.337981838495,1,7.25465282340724,16,0,84592,107.783413376336,900000,0
2/13/2019 11:59:29 AM,0,6576,0,0,500,8467480,52466124,91652,89706,,0,2034,18265,80,3816010,51449594,600000,0,10.3189141895389,3.25860448090702,1,10.8620149363567,12,0,84592,3.80170522772486,900000,0
2/13/2019 11:59:31 AM,0,6576,0,0,500,8469878,52466908,91677,89714,,0,2036,18265,80,3817326,51450254,600000,1,5.46201848893258,3.27721109335955,1,9.83163328007865,19,0,84592,3.27721109335955,900000,0
