"Time","AudioBytesReceived","AudioBytesSent","AudioRXBWkbitPersec","AudioTXBWkbitPersec","AudioTXBWLimitkbitPersec","BytesReceived","BytesSent","PacketsReceived","PacketsSent","PercentProcessorTime","RXPacketsLost","SessionDurationSeconds","TXPacketsLost","ImagingActiveMinimumQuality","ImagingBytesReceived","ImagingBytesSent","ImagingDecoderCapabilitykbitPersec","ImagingEncodedFramesPersec","ImagingRXBWkbitPersec","ImagingTXBWkbitPersec","RoundTripLatencyms","RXBWkbitPersec","RXBWPeakkbitPersec","RXPacketLossPercent","TXBWActiveLimitkbitPersec","TXBWkbitPersec","TXBWLimitkbitPersec","TXPacketLossPercent"
2/13/2019 11:58:03 AM,0,6576,0,0,500,8157218,49142936,88279,85124,,0,1948,18265,80,3662296,48163020,600000,11,0,0,2,0,46,,84592,0,900000,
2/13/2019 11:58:05 AM,0,6576,0,0,500,8159002,49145570,88299,85135,,0,1949,18265,80,3665300,48165230,600000,0,12.84993587882,9.10203791416414,2,12.84993587882,20,0,84592,12.3145218838691,900000,0
2/13/2019 11:58:06 AM,0,6576,0,0,500,8161882,49168764,88331,85170,,0,1951,18265,80,3666850,48188052,600000,1,6.19406980788938,92.3948746343499,1,11.3557946477972,17,0,84592,93.4272196023314,900000,0
2/13/2019 11:58:08 AM,0,6576,0,0,500,8164404,49169704,88358,85180,,0,1953,18265,80,3669372,48188992,600000,1,10.373800802277,3.82192661136521,1,9.82781128636768,21,0,84592,3.27593709545589,900000,0
2/13/2019 11:58:10 AM,0,6576,0,0,500,8166802,49170440,88383,85188,,0,1955,18265,80,3671770,48189728,600000,1,10.2607266851853,3.2402294795322,1,5.9404207124757,12,0,84592,2.7001912329435,900000,0
2/13/2019 11:58:12 AM,0,6576,0,0,500,8169138,49171194,88407,85195,,0,1957,18265,80,3674106,48190482,600000,1,9.80217842524192,3.26739280841397,2,9.80217842524192,13,0,84592,2.72282734034498,900000,0
