"Time","AudioBytesReceived","AudioBytesSent","AudioRXBWkbitPersec","AudioTXBWkbitPersec","AudioTXBWLimitkbitPersec","BytesReceived","BytesSent","PacketsReceived","PacketsSent","PercentProcessorTime","RXPacketsLost","SessionDurationSeconds","TXPacketsLost","ImagingActiveMinimumQuality","ImagingBytesReceived","ImagingBytesSent","ImagingDecoderCapabilitykbitPersec","ImagingEncodedFramesPersec","ImagingRXBWkbitPersec","ImagingTXBWkbitPersec","RoundTripLatencyms","RXBWkbitPersec","RXBWPeakkbitPersec","RXPacketLossPercent","TXBWActiveLimitkbitPersec","TXBWkbitPersec","TXBWLimitkbitPersec","TXPacketLossPercent"
2/13/2019 12:01:06 PM,0,6576,0,0,500,8789206,57161638,95213,95877,,0,2131,18265,80,3992744,56099756,600000,7,0,0,2,0,46,,84592,0,900000,
2/13/2019 12:01:08 PM,0,6576,0,0,500,8793008,57167344,95256,95904,,0,2133,18265,80,3996546,56105462,600000,0,16.2975754748869,23.9031106965008,3,16.2975754748869,19,0,84592,23.9031106965008,900000,0
2/13/2019 12:01:10 PM,0,6576,0,0,500,8795826,57192660,95287,95942,,0,2135,18265,80,3999364,56130778,600000,0,11.4130828376078,102.71774553847,3,11.4130828376078,16,0,84592,102.71774553847,900000,0
2/13/2019 12:01:12 PM,0,6576,0,0,500,8797080,57193290,95300,95947,,0,2136,18265,80,4001700,56131532,600000,0,9.86905085390318,3.28968361796773,3,9.86905085390318,14,0,84592,3.28968361796773,900000,0
2/13/2019 12:01:13 PM,0,6576,0,0,500,8799478,57194042,95325,95955,,0,2138,18265,80,4003078,56132222,600000,1,6.00711395200272,2.73050634181942,1,10.3759240989138,17,0,84592,3.2766076101833,900000,0
2/13/2019 12:01:15 PM,0,6576,0,0,500,8801814,57194812,95349,95962,,0,2140,18265,80,4005414,56132992,600000,1,9.81998762463337,3.81888407624631,1,5.45554868035187,13,0,84592,2.72777434017594,900000,0
