"Time","AudioBytesReceived","AudioBytesSent","AudioRXBWkbitPersec","AudioTXBWkbitPersec","AudioTXBWLimitkbitPersec","BytesReceived","BytesSent","PacketsReceived","PacketsSent","PercentProcessorTime","RXPacketsLost","SessionDurationSeconds","TXPacketsLost","ImagingActiveMinimumQuality","ImagingBytesReceived","ImagingBytesSent","ImagingDecoderCapabilitykbitPersec","ImagingEncodedFramesPersec","ImagingRXBWkbitPersec","ImagingTXBWkbitPersec","RoundTripLatencyms","RXBWkbitPersec","RXBWPeakkbitPersec","RXPacketLossPercent","TXBWActiveLimitkbitPersec","TXBWkbitPersec","TXBWLimitkbitPersec","TXPacketLossPercent"
2/13/2019 11:54:11 AM,0,6576,0,0,500,7096724,33925562,76678,65443,,0,1716,18265,80,3177968,33042466,600000,14,0,0,3,0,51,,74192,0,900000,
2/13/2019 11:54:13 AM,0,6576,0,0,500,7101070,33934760,76729,65492,,0,1718,18265,80,3182348,33062758,600000,0,18.1640806032634,81.9978495804461,2,5.70871104673992,18,0,74192,1.55692119456543,900000,0
2/13/2019 11:54:15 AM,0,6576,0,0,500,7104170,34034768,76763,65600,,0,1720,18265,80,3186778,33163138,600000,0,15.0598420541483,347.705176838424,1,15.0598420541483,17,0,74192,347.262240307419,900000,0
2/13/2019 11:54:17 AM,0,6576,0,0,500,7106940,34037134,76794,65617,,0,1722,18265,80,3188280,33165194,600000,1,6.57416199841815,8.76554933122419,2,10.9569366640302,13,0,74192,9.31339616442571,900000,0
2/13/2019 11:54:19 AM,0,6576,0,0,500,7109276,34037872,76818,65624,,0,1724,18265,80,3190616,33165932,600000,1,9.81045332142708,2.72512592261863,2,5.45025184523726,29,0,74192,2.18010073809491,900000,0
