"Time","AudioBytesReceived","AudioBytesSent","AudioRXBWkbitPersec","AudioTXBWkbitPersec","AudioTXBWLimitkbitPersec","BytesReceived","BytesSent","PacketsReceived","PacketsSent","PercentProcessorTime","RXPacketsLost","SessionDurationSeconds","TXPacketsLost","ImagingActiveMinimumQuality","ImagingBytesReceived","ImagingBytesSent","ImagingDecoderCapabilitykbitPersec","ImagingEncodedFramesPersec","ImagingRXBWkbitPersec","ImagingTXBWkbitPersec","RoundTripLatencyms","RXBWkbitPersec","RXBWPeakkbitPersec","RXPacketLossPercent","TXBWActiveLimitkbitPersec","TXBWkbitPersec","TXBWLimitkbitPersec","TXPacketLossPercent"
2/13/2019 11:56:55 AM,0,6576,0,0,500,7909754,46828864,85571,81696,,0,1880,18265,80,3540716,45874610,600000,10,0,0,2,0,41,,84592,0,900000,
2/13/2019 11:56:57 AM,0,6576,0,0,500,7912696,46831138,85604,81711,,0,1882,18265,80,3544174,45879268,600000,0,13.028631285826,17.3715083811014,2,11.0984636879259,18,0,84592,8.68575419055068,900000,0
2/13/2019 11:56:59 AM,0,6576,0,0,500,7915686,46858838,85637,81757,,0,1884,18265,80,3547164,45906968,600000,2,12.3911585160121,112.03672491561,1,12.3911585160121,17,0,84592,111.520426644109,900000,0
2/13/2019 11:57:00 AM,0,6576,0,0,500,7917002,46859546,85651,81763,,0,1885,18265,80,3549796,45908450,600000,1,10.935961959475,6.01477907771127,1,10.935961959475,15,0,84592,6.01477907771127,900000,0
2/13/2019 11:57:02 AM,0,6576,0,0,500,7919572,46860950,85678,81773,,0,1887,18265,80,3552194,45909266,600000,0,10.4808694620396,3.8613729596988,2,10.4808694620396,14,0,84592,3.8613729596988,900000,0
