"Time","AudioBytesReceived","AudioBytesSent","AudioRXBWkbitPersec","AudioTXBWkbitPersec","AudioTXBWLimitkbitPersec","BytesReceived","BytesSent","PacketsReceived","PacketsSent","PercentProcessorTime","RXPacketsLost","SessionDurationSeconds","TXPacketsLost","ImagingActiveMinimumQuality","ImagingBytesReceived","ImagingBytesSent","ImagingDecoderCapabilitykbitPersec","ImagingEncodedFramesPersec","ImagingRXBWkbitPersec","ImagingTXBWkbitPersec","RoundTripLatencyms","RXBWkbitPersec","RXBWPeakkbitPersec","RXPacketLossPercent","TXBWActiveLimitkbitPersec","TXBWkbitPersec","TXBWLimitkbitPersec","TXPacketLossPercent"
2/13/2019 11:59:58 AM,0,6576,0,0,500,8558194,54451400,92671,92052,,0,2063,18265,80,3867592,53403276,600000,11,0,0,2,0,49,,84592,0,900000,
2/13/2019 12:00:00 PM,0,6576,0,0,500,8562292,54458422,92718,92085,,0,2065,18265,80,3872144,53423478,600000,0,19.7517934765642,86.1397659950161,2,17.557149756946,21,0,84592,30.1763511447509,900000,0
2/13/2019 12:00:02 PM,0,6576,0,0,500,8565344,54484044,92752,92130,,0,2067,18265,80,3875368,53450232,600000,2,12.7233773380669,106.367434546239,2,12.2144422445442,16,0,84592,101.787018704535,900000,0
2/13/2019 12:00:04 PM,0,6576,0,0,500,8566660,54484926,92766,92137,,0,2068,18265,80,3877828,53451300,600000,0,10.4640941407186,4.95667617191934,2,10.4640941407186,15,0,84592,4.40593437503941,900000,0
2/13/2019 12:00:05 PM,0,6576,0,0,500,8569058,54486700,92791,92146,,0,2070,18265,80,3880226,53453074,600000,0,10.3495258201332,7.62596639378235,2,10.3495258201332,18,0,84592,7.62596639378235,900000,0
2/13/2019 12:00:07 PM,0,6576,0,0,500,8571394,54488238,92815,92153,,0,2072,18265,80,3882624,53454674,600000,0,10.3792308749561,6.55530371049856,2,9.83295556574784,13,0,84592,6.55530371049856,900000,0
